{
  "mode": "upsert",
  "activate_all": true,
  "cities": [
    {
      "code": 1,
      "name": "Adana",
      "districts": [
        {
          "name": "Aladağ"
        },
        {
          "name": "Ceyhan"
        },
        {
          "name": "Çukurova"
        },
        {
          "name": "Feke"
        },
        {
          "name": "İmamoğlu"
        },
        {
          "name": "Karaisalı"
        },
        {
          "name": "Karataş"
        },
        {
          "name": "Kozan"
        },
        {
          "name": "Pozantı"
        },
        {
          "name": "Saimbeyli"
        },
        {
          "name": "Sarıçam"
        },
        {
          "name": "Seyhan"
        },
        {
          "name": "Tufanbeyli"
        },
        {
          "name": "Yumurtalık"
        },
        {
          "name": "Yüreğir"
        }
      ]
    },
    {
      "code": 2,
      "name": "Adıyaman",
      "districts": [
        {
          "name": "Besni"
        },
        {
          "name": "Çelikhan"
        },
        {
          "name": "Gerger"
        },
        {
          "name": "Gölbaşı"
        },
        {
          "name": "Kahta"
        },
        {
          "name": "Merkez"
        },
        {
          "name": "Samsat"
        },
        {
          "name": "Sincik"
        },
        {
          "name": "Tut"
        }
      ]
    },
    {
      "code": 3,
      "name": "Afyonkarahisar",
      "districts": [
        {
          "name": "Başmakçı"
        },
        {
          "name": "Bayat"
        },
        {
          "name": "Bolvadin"
        },
        {
          "name": "Çay"
        },
        {
          "name": "Çobanlar"
        },
        {
          "name": "Dazkırı"
        },
        {
          "name": "Dinar"
        },
        {
          "name": "Emirdağ"
        },
        {
          "name": "Evciler"
        },
        {
          "name": "Hocalar"
        },
        {
          "name": "İhsaniye"
        },
        {
          "name": "İscehisar"
        },
        {
          "name": "Kızılören"
        },
        {
          "name": "Merkez"
        },
        {
          "name": "Sandıklı"
        },
        {
          "name": "Sinanpaşa"
        },
        {
          "name": "Sultandağı"
        },
        {
          "name": "Şuhut"
        }
      ]
    },
    {
      "code": 4,
      "name": "Ağrı",
      "districts": [
        {
          "name": "Diyadin"
        },
        {
          "name": "Doğubayazıt"
        },
        {
          "name": "Eleşkirt"
        },
        {
          "name": "Hamur"
        },
        {
          "name": "Merkez"
        },
        {
          "name": "Patnos"
        },
        {
          "name": "Taşlıçay"
        },
        {
          "name": "Tutak"
        }
      ]
    },
    {
      "code": 5,
      "name": "Amasya",
      "districts": [
        {
          "name": "Göynücek"
        },
        {
          "name": "Gümüşhacıköy"
        },
        {
          "name": "Hamamözü"
        },
        {
          "name": "Merkez"
        },
        {
          "name": "Merzifon"
        },
        {
          "name": "Suluova"
        },
        {
          "name": "Taşova"
        }
      ]
    },
    {
      "code": 6,
      "name": "Ankara",
      "districts": [
        {
          "name": "Akyurt"
        },
        {
          "name": "Altındağ"
        },
        {
          "name": "Ayaş"
        },
        {
          "name": "Bala"
        },
        {
          "name": "Beypazarı"
        },
        {
          "name": "Çamlıdere"
        },
        {
          "name": "Çankaya"
        },
        {
          "name": "Çubuk"
        },
        {
          "name": "Elmadağ"
        },
        {
          "name": "Etimesgut"
        },
        {
          "name": "Evren"
        },
        {
          "name": "Gölbaşı"
        },
        {
          "name": "Güdül"
        },
        {
          "name": "Haymana"
        },
        {
          "name": "Kahramankazan"
        },
        {
          "name": "Kalecik"
        },
        {
          "name": "Keçiören"
        },
        {
          "name": "Kızılcahamam"
        },
        {
          "name": "Mamak"
        },
        {
          "name": "Nallıhan"
        },
        {
          "name": "Polatlı"
        },
        {
          "name": "Pursaklar"
        },
        {
          "name": "Sincan"
        },
        {
          "name": "Şereflikoçhisar"
        },
        {
          "name": "Yenimahalle"
        }
      ]
    },
    {
      "code": 7,
      "name": "Antalya",
      "districts": [
        {
          "name": "Akseki"
        },
        {
          "name": "Aksu"
        },
        {
          "name": "Alanya"
        },
        {
          "name": "Demre"
        },
        {
          "name": "Döşemealtı"
        },
        {
          "name": "Elmalı"
        },
        {
          "name": "Finike"
        },
        {
          "name": "Gazipaşa"
        },
        {
          "name": "Gündoğmuş"
        },
        {
          "name": "İbradı"
        },
        {
          "name": "Kaş"
        },
        {
          "name": "Kemer"
        },
        {
          "name": "Kepez"
        },
        {
          "name": "Konyaaltı"
        },
        {
          "name": "Korkuteli"
        },
        {
          "name": "Kumluca"
        },
        {
          "name": "Manavgat"
        },
        {
          "name": "Muratpaşa"
        },
        {
          "name": "Serik"
        }
      ]
    },
    {
      "code": 8,
      "name": "Artvin",
      "districts": [
        {
          "name": "Ardanuç"
        },
        {
          "name": "Arhavi"
        },
        {
          "name": "Borçka"
        },
        {
          "name": "Hopa"
        },
        {
          "name": "Kemalpaşa"
        },
        {
          "name": "Merkez"
        },
        {
          "name": "Murgul"
        },
        {
          "name": "Şavşat"
        },
        {
          "name": "Yusufeli"
        }
      ]
    },
    {
      "code": 9,
      "name": "Aydın",
      "districts": [
        {
          "name": "Bozdoğan"
        },
        {
          "name": "Buharkent"
        },
        {
          "name": "Çine"
        },
        {
          "name": "Didim"
        },
        {
          "name": "Efeler"
        },
        {
          "name": "Germencik"
        },
        {
          "name": "İncirliova"
        },
        {
          "name": "Karacasu"
        },
        {
          "name": "Karpuzlu"
        },
        {
          "name": "Koçarlı"
        },
        {
          "name": "Köşk"
        },
        {
          "name": "Kuşadası"
        },
        {
          "name": "Kuyucak"
        },
        {
          "name": "Nazilli"
        },
        {
          "name": "Söke"
        },
        {
          "name": "Sultanhisar"
        },
        {
          "name": "Yenipazar"
        }
      ]
    },
    {
      "code": 10,
      "name": "Balıkesir",
      "districts": [
        {
          "name": "Altıeylül"
        },
        {
          "name": "Ayvalık"
        },
        {
          "name": "Balya"
        },
        {
          "name": "Bandırma"
        },
        {
          "name": "Bigadiç"
        },
        {
          "name": "Burhaniye"
        },
        {
          "name": "Dursunbey"
        },
        {
          "name": "Edremit"
        },
        {
          "name": "Erdek"
        },
        {
          "name": "Gömeç"
        },
        {
          "name": "Gönen"
        },
        {
          "name": "Havran"
        },
        {
          "name": "İvrindi"
        },
        {
          "name": "Karesi"
        },
        {
          "name": "Kepsut"
        },
        {
          "name": "Manyas"
        },
        {
          "name": "Marmara"
        },
        {
          "name": "Savaştepe"
        },
        {
          "name": "Sındırgı"
        },
        {
          "name": "Susurluk"
        }
      ]
    },
    {
      "code": 11,
      "name": "Bilecik",
      "districts": [
        {
          "name": "Bozüyük"
        },
        {
          "name": "Gölpazarı"
        },
        {
          "name": "İnhisar"
        },
        {
          "name": "Merkez"
        },
        {
          "name": "Osmaneli"
        },
        {
          "name": "Pazaryeri"
        },
        {
          "name": "Söğüt"
        },
        {
          "name": "Yenipazar"
        }
      ]
    },
    {
      "code": 12,
      "name": "Bingöl",
      "districts": [
        {
          "name": "Adaklı"
        },
        {
          "name": "Genç"
        },
        {
          "name": "Karlıova"
        },
        {
          "name": "Kiğı"
        },
        {
          "name": "Merkez"
        },
        {
          "name": "Solhan"
        },
        {
          "name": "Yayladere"
        },
        {
          "name": "Yedisu"
        }
      ]
    },
    {
      "code": 13,
      "name": "Bitlis",
      "districts": [
        {
          "name": "Adilcevaz"
        },
        {
          "name": "Ahlat"
        },
        {
          "name": "Güroymak"
        },
        {
          "name": "Hizan"
        },
        {
          "name": "Merkez"
        },
        {
          "name": "Mutki"
        },
        {
          "name": "Tatvan"
        }
      ]
    },
    {
      "code": 14,
      "name": "Bolu",
      "districts": [
        {
          "name": "Dörtdivan"
        },
        {
          "name": "Gerede"
        },
        {
          "name": "Göynük"
        },
        {
          "name": "Kıbrıscık"
        },
        {
          "name": "Mengen"
        },
        {
          "name": "Merkez"
        },
        {
          "name": "Mudurnu"
        },
        {
          "name": "Seben"
        },
        {
          "name": "Yeniçağa"
        }
      ]
    },
    {
      "code": 15,
      "name": "Burdur",
      "districts": [
        {
          "name": "Ağlasun"
        },
        {
          "name": "Altınyayla"
        },
        {
          "name": "Bucak"
        },
        {
          "name": "Çavdır"
        },
        {
          "name": "Çeltikçi"
        },
        {
          "name": "Gölhisar"
        },
        {
          "name": "Karamanlı"
        },
        {
          "name": "Kemer"
        },
        {
          "name": "Merkez"
        },
        {
          "name": "Tefenni"
        },
        {
          "name": "Yeşilova"
        }
      ]
    },
    {
      "code": 16,
      "name": "Bursa",
      "districts": [
        {
          "name": "Büyükorhan"
        },
        {
          "name": "Gemlik"
        },
        {
          "name": "Gürsu"
        },
        {
          "name": "Harmancık"
        },
        {
          "name": "İnegöl"
        },
        {
          "name": "İznik"
        },
        {
          "name": "Karacabey"
        },
        {
          "name": "Keles"
        },
        {
          "name": "Kestel"
        },
        {
          "name": "Mudanya"
        },
        {
          "name": "Mustafakemalpaşa"
        },
        {
          "name": "Nilüfer"
        },
        {
          "name": "Orhaneli"
        },
        {
          "name": "Orhangazi"
        },
        {
          "name": "Osmangazi"
        },
        {
          "name": "Yenişehir"
        },
        {
          "name": "Yıldırım"
        }
      ]
    },
    {
      "code": 17,
      "name": "Çanakkale",
      "districts": [
        {
          "name": "Ayvacık"
        },
        {
          "name": "Bayramiç"
        },
        {
          "name": "Biga"
        },
        {
          "name": "Bozcaada"
        },
        {
          "name": "Çan"
        },
        {
          "name": "Eceabat"
        },
        {
          "name": "Ezine"
        },
        {
          "name": "Gelibolu"
        },
        {
          "name": "Gökçeada"
        },
        {
          "name": "Lapseki"
        },
        {
          "name": "Merkez"
        },
        {
          "name": "Yenice"
        }
      ]
    },
    {
      "code": 18,
      "name": "Çankırı",
      "districts": [
        {
          "name": "Atkaracalar"
        },
        {
          "name": "Bayramören"
        },
        {
          "name": "Çerkeş"
        },
        {
          "name": "Eldivan"
        },
        {
          "name": "Ilgaz"
        },
        {
          "name": "Kızılırmak"
        },
        {
          "name": "Korgun"
        },
        {
          "name": "Kurşunlu"
        },
        {
          "name": "Merkez"
        },
        {
          "name": "Orta"
        },
        {
          "name": "Şabanözü"
        },
        {
          "name": "Yapraklı"
        }
      ]
    },
    {
      "code": 19,
      "name": "Çorum",
      "districts": [
        {
          "name": "Alaca"
        },
        {
          "name": "Bayat"
        },
        {
          "name": "Boğazkale"
        },
        {
          "name": "Dodurga"
        },
        {
          "name": "İskilip"
        },
        {
          "name": "Kargı"
        },
        {
          "name": "Laçin"
        },
        {
          "name": "Mecitözü"
        },
        {
          "name": "Merkez"
        },
        {
          "name": "Oğuzlar"
        },
        {
          "name": "Ortaköy"
        },
        {
          "name": "Osmancık"
        },
        {
          "name": "Sungurlu"
        },
        {
          "name": "Uğurludağ"
        }
      ]
    },
    {
      "code": 20,
      "name": "Denizli",
      "districts": [
        {
          "name": "Acıpayam"
        },
        {
          "name": "Babadağ"
        },
        {
          "name": "Baklan"
        },
        {
          "name": "Bekilli"
        },
        {
          "name": "Beyağaç"
        },
        {
          "name": "Bozkurt"
        },
        {
          "name": "Buldan"
        },
        {
          "name": "Çal"
        },
        {
          "name": "Çameli"
        },
        {
          "name": "Çardak"
        },
        {
          "name": "Çivril"
        },
        {
          "name": "Güney"
        },
        {
          "name": "Honaz"
        },
        {
          "name": "Kale"
        },
        {
          "name": "Merkezefendi"
        },
        {
          "name": "Pamukkale"
        },
        {
          "name": "Sarayköy"
        },
        {
          "name": "Serinhisar"
        },
        {
          "name": "Tavas"
        }
      ]
    },
    {
      "code": 21,
      "name": "Diyarbakır",
      "districts": [
        {
          "name": "Bağlar"
        },
        {
          "name": "Bismil"
        },
        {
          "name": "Çermik"
        },
        {
          "name": "Çınar"
        },
        {
          "name": "Çüngüş"
        },
        {
          "name": "Dicle"
        },
        {
          "name": "Eğil"
        },
        {
          "name": "Ergani"
        },
        {
          "name": "Hani"
        },
        {
          "name": "Hazro"
        },
        {
          "name": "Kayapınar"
        },
        {
          "name": "Kocaköy"
        },
        {
          "name": "Kulp"
        },
        {
          "name": "Lice"
        },
        {
          "name": "Silvan"
        },
        {
          "name": "Sur"
        },
        {
          "name": "Yenişehir"
        }
      ]
    },
    {
      "code": 22,
      "name": "Edirne",
      "districts": [
        {
          "name": "Enez"
        },
        {
          "name": "Havsa"
        },
        {
          "name": "İpsala"
        },
        {
          "name": "Keşan"
        },
        {
          "name": "Lalapaşa"
        },
        {
          "name": "Meriç"
        },
        {
          "name": "Merkez"
        },
        {
          "name": "Süloğlu"
        },
        {
          "name": "Uzunköprü"
        }
      ]
    },
    {
      "code": 23,
      "name": "Elazığ",
      "districts": [
        {
          "name": "Ağın"
        },
        {
          "name": "Alacakaya"
        },
        {
          "name": "Arıcak"
        },
        {
          "name": "Baskil"
        },
        {
          "name": "Karakoçan"
        },
        {
          "name": "Keban"
        },
        {
          "name": "Kovancılar"
        },
        {
          "name": "Maden"
        },
        {
          "name": "Merkez"
        },
        {
          "name": "Palu"
        },
        {
          "name": "Sivrice"
        }
      ]
    },
    {
      "code": 24,
      "name": "Erzincan",
      "districts": [
        {
          "name": "Çayırlı"
        },
        {
          "name": "İliç"
        },
        {
          "name": "Kemah"
        },
        {
          "name": "Kemaliye"
        },
        {
          "name": "Merkez"
        },
        {
          "name": "Otlukbeli"
        },
        {
          "name": "Refahiye"
        },
        {
          "name": "Tercan"
        },
        {
          "name": "Üzümlü"
        }
      ]
    },
    {
      "code": 25,
      "name": "Erzurum",
      "districts": [
        {
          "name": "Aşkale"
        },
        {
          "name": "Aziziye"
        },
        {
          "name": "Çat"
        },
        {
          "name": "Hınıs"
        },
        {
          "name": "Horasan"
        },
        {
          "name": "İspir"
        },
        {
          "name": "Karaçoban"
        },
        {
          "name": "Karayazı"
        },
        {
          "name": "Köprüköy"
        },
        {
          "name": "Narman"
        },
        {
          "name": "Oltu"
        },
        {
          "name": "Olur"
        },
        {
          "name": "Palandöken"
        },
        {
          "name": "Pasinler"
        },
        {
          "name": "Pazaryolu"
        },
        {
          "name": "Şenkaya"
        },
        {
          "name": "Tekman"
        },
        {
          "name": "Tortum"
        },
        {
          "name": "Uzundere"
        },
        {
          "name": "Yakutiye"
        }
      ]
    },
    {
      "code": 26,
      "name": "Eskişehir",
      "districts": [
        {
          "name": "Alpu"
        },
        {
          "name": "Beylikova"
        },
        {
          "name": "Çifteler"
        },
        {
          "name": "Günyüzü"
        },
        {
          "name": "Han"
        },
        {
          "name": "İnönü"
        },
        {
          "name": "Mahmudiye"
        },
        {
          "name": "Mihalgazi"
        },
        {
          "name": "Mihalıççık"
        },
        {
          "name": "Odunpazarı"
        },
        {
          "name": "Sarıcakaya"
        },
        {
          "name": "Seyitgazi"
        },
        {
          "name": "Sivrihisar"
        },
        {
          "name": "Tepebaşı"
        }
      ]
    },
    {
      "code": 27,
      "name": "Gaziantep",
      "districts": [
        {
          "name": "Araban"
        },
        {
          "name": "İslahiye"
        },
        {
          "name": "Karkamış"
        },
        {
          "name": "Nizip"
        },
        {
          "name": "Nurdağı"
        },
        {
          "name": "Oğuzeli"
        },
        {
          "name": "Şahinbey"
        },
        {
          "name": "Şehitkamil"
        },
        {
          "name": "Yavuzeli"
        }
      ]
    },
    {
      "code": 28,
      "name": "Giresun",
      "districts": [
        {
          "name": "Alucra"
        },
        {
          "name": "Bulancak"
        },
        {
          "name": "Çamoluk"
        },
        {
          "name": "Çanakçı"
        },
        {
          "name": "Dereli"
        },
        {
          "name": "Doğankent"
        },
        {
          "name": "Espiye"
        },
        {
          "name": "Eynesil"
        },
        {
          "name": "Görele"
        },
        {
          "name": "Güce"
        },
        {
          "name": "Keşap"
        },
        {
          "name": "Merkez"
        },
        {
          "name": "Piraziz"
        },
        {
          "name": "Şebinkarahisar"
        },
        {
          "name": "Tirebolu"
        },
        {
          "name": "Yağlıdere"
        }
      ]
    },
    {
      "code": 29,
      "name": "Gümüşhane",
      "districts": [
        {
          "name": "Kelkit"
        },
        {
          "name": "Köse"
        },
        {
          "name": "Kürtün"
        },
        {
          "name": "Merkez"
        },
        {
          "name": "Şiran"
        },
        {
          "name": "Torul"
        }
      ]
    },
    {
      "code": 30,
      "name": "Hakkari",
      "districts": [
        {
          "name": "Çukurca"
        },
        {
          "name": "Derecik"
        },
        {
          "name": "Merkez"
        },
        {
          "name": "Şemdinli"
        },
        {
          "name": "Yüksekova"
        }
      ]
    },
    {
      "code": 31,
      "name": "Hatay",
      "districts": [
        {
          "name": "Altınözü"
        },
        {
          "name": "Antakya"
        },
        {
          "name": "Arsuz"
        },
        {
          "name": "Belen"
        },
        {
          "name": "Defne"
        },
        {
          "name": "Dörtyol"
        },
        {
          "name": "Erzin"
        },
        {
          "name": "Hassa"
        },
        {
          "name": "İskenderun"
        },
        {
          "name": "Kırıkhan"
        },
        {
          "name": "Kumlu"
        },
        {
          "name": "Payas"
        },
        {
          "name": "Reyhanlı"
        },
        {
          "name": "Samandağ"
        },
        {
          "name": "Yayladağı"
        }
      ]
    },
    {
      "code": 32,
      "name": "Isparta",
      "districts": [
        {
          "name": "Aksu"
        },
        {
          "name": "Atabey"
        },
        {
          "name": "Eğirdir"
        },
        {
          "name": "Gelendost"
        },
        {
          "name": "Gönen"
        },
        {
          "name": "Keçiborlu"
        },
        {
          "name": "Merkez"
        },
        {
          "name": "Senirkent"
        },
        {
          "name": "Sütçüler"
        },
        {
          "name": "Şarkikaraağaç"
        },
        {
          "name": "Uluborlu"
        },
        {
          "name": "Yalvaç"
        },
        {
          "name": "Yenişarbademli"
        }
      ]
    },
    {
      "code": 33,
      "name": "Mersin",
      "districts": [
        {
          "name": "Akdeniz"
        },
        {
          "name": "Anamur"
        },
        {
          "name": "Aydıncık"
        },
        {
          "name": "Bozyazı"
        },
        {
          "name": "Çamlıyayla"
        },
        {
          "name": "Erdemli"
        },
        {
          "name": "Gülnar"
        },
        {
          "name": "Mezitli"
        },
        {
          "name": "Mut"
        },
        {
          "name": "Silifke"
        },
        {
          "name": "Tarsus"
        },
        {
          "name": "Toroslar"
        },
        {
          "name": "Yenişehir"
        }
      ]
    },
    {
      "code": 34,
      "name": "İstanbul",
      "districts": [
        {
          "name": "Adalar"
        },
        {
          "name": "Arnavutköy"
        },
        {
          "name": "Ataşehir"
        },
        {
          "name": "Avcılar"
        },
        {
          "name": "Bağcılar"
        },
        {
          "name": "Bahçelievler"
        },
        {
          "name": "Bakırköy"
        },
        {
          "name": "Başakşehir"
        },
        {
          "name": "Bayrampaşa"
        },
        {
          "name": "Beşiktaş"
        },
        {
          "name": "Beykoz"
        },
        {
          "name": "Beylikdüzü"
        },
        {
          "name": "Beyoğlu"
        },
        {
          "name": "Büyükçekmece"
        },
        {
          "name": "Çatalca"
        },
        {
          "name": "Çekmeköy"
        },
        {
          "name": "Esenler"
        },
        {
          "name": "Esenyurt"
        },
        {
          "name": "Eyüpsultan"
        },
        {
          "name": "Fatih"
        },
        {
          "name": "Gaziosmanpaşa"
        },
        {
          "name": "Güngören"
        },
        {
          "name": "Kadıköy"
        },
        {
          "name": "Kağıthane"
        },
        {
          "name": "Kartal"
        },
        {
          "name": "Küçükçekmece"
        },
        {
          "name": "Maltepe"
        },
        {
          "name": "Pendik"
        },
        {
          "name": "Sancaktepe"
        },
        {
          "name": "Sarıyer"
        },
        {
          "name": "Silivri"
        },
        {
          "name": "Sultanbeyli"
        },
        {
          "name": "Sultangazi"
        },
        {
          "name": "Şile"
        },
        {
          "name": "Şişli"
        },
        {
          "name": "Tuzla"
        },
        {
          "name": "Ümraniye"
        },
        {
          "name": "Üsküdar"
        },
        {
          "name": "Zeytinburnu"
        }
      ]
    },
    {
      "code": 35,
      "name": "İzmir",
      "districts": [
        {
          "name": "Aliağa"
        },
        {
          "name": "Balçova"
        },
        {
          "name": "Bayındır"
        },
        {
          "name": "Bayraklı"
        },
        {
          "name": "Bergama"
        },
        {
          "name": "Beydağ"
        },
        {
          "name": "Bornova"
        },
        {
          "name": "Buca"
        },
        {
          "name": "Çeşme"
        },
        {
          "name": "Çiğli"
        },
        {
          "name": "Dikili"
        },
        {
          "name": "Foça"
        },
        {
          "name": "Gaziemir"
        },
        {
          "name": "Güzelbahçe"
        },
        {
          "name": "Karabağlar"
        },
        {
          "name": "Karaburun"
        },
        {
          "name": "Karşıyaka"
        },
        {
          "name": "Kemalpaşa"
        },
        {
          "name": "Kınık"
        },
        {
          "name": "Kiraz"
        },
        {
          "name": "Konak"
        },
        {
          "name": "Menderes"
        },
        {
          "name": "Menemen"
        },
        {
          "name": "Narlıdere"
        },
        {
          "name": "Ödemiş"
        },
        {
          "name": "Seferihisar"
        },
        {
          "name": "Selçuk"
        },
        {
          "name": "Tire"
        },
        {
          "name": "Torbalı"
        },
        {
          "name": "Urla"
        }
      ]
    },
    {
      "code": 36,
      "name": "Kars",
      "districts": [
        {
          "name": "Akyaka"
        },
        {
          "name": "Arpaçay"
        },
        {
          "name": "Digor"
        },
        {
          "name": "Kağızman"
        },
        {
          "name": "Merkez"
        },
        {
          "name": "Sarıkamış"
        },
        {
          "name": "Selim"
        },
        {
          "name": "Susuz"
        }
      ]
    },
    {
      "code": 37,
      "name": "Kastamonu",
      "districts": [
        {
          "name": "Abana"
        },
        {
          "name": "Ağlı"
        },
        {
          "name": "Araç"
        },
        {
          "name": "Azdavay"
        },
        {
          "name": "Bozkurt"
        },
        {
          "name": "Cide"
        },
        {
          "name": "Çatalzeytin"
        },
        {
          "name": "Daday"
        },
        {
          "name": "Devrekani"
        },
        {
          "name": "Doğanyurt"
        },
        {
          "name": "Hanönü"
        },
        {
          "name": "İhsangazi"
        },
        {
          "name": "İnebolu"
        },
        {
          "name": "Küre"
        },
        {
          "name": "Merkez"
        },
        {
          "name": "Pınarbaşı"
        },
        {
          "name": "Seydiler"
        },
        {
          "name": "Şenpazar"
        },
        {
          "name": "Taşköprü"
        },
        {
          "name": "Tosya"
        }
      ]
    },
    {
      "code": 38,
      "name": "Kayseri",
      "districts": [
        {
          "name": "Akkışla"
        },
        {
          "name": "Bünyan"
        },
        {
          "name": "Develi"
        },
        {
          "name": "Felahiye"
        },
        {
          "name": "Hacılar"
        },
        {
          "name": "İncesu"
        },
        {
          "name": "Kocasinan"
        },
        {
          "name": "Melikgazi"
        },
        {
          "name": "Özvatan"
        },
        {
          "name": "Pınarbaşı"
        },
        {
          "name": "Sarıoğlan"
        },
        {
          "name": "Sarız"
        },
        {
          "name": "Talas"
        },
        {
          "name": "Tomarza"
        },
        {
          "name": "Yahyalı"
        },
        {
          "name": "Yeşilhisar"
        }
      ]
    },
    {
      "code": 39,
      "name": "Kırklareli",
      "districts": [
        {
          "name": "Babaeski"
        },
        {
          "name": "Demirköy"
        },
        {
          "name": "Kofçaz"
        },
        {
          "name": "Lüleburgaz"
        },
        {
          "name": "Merkez"
        },
        {
          "name": "Pehlivanköy"
        },
        {
          "name": "Pınarhisar"
        },
        {
          "name": "Vize"
        }
      ]
    },
    {
      "code": 40,
      "name": "Kırşehir",
      "districts": [
        {
          "name": "Akçakent"
        },
        {
          "name": "Akpınar"
        },
        {
          "name": "Boztepe"
        },
        {
          "name": "Çiçekdağı"
        },
        {
          "name": "Kaman"
        },
        {
          "name": "Merkez"
        },
        {
          "name": "Mucur"
        }
      ]
    },
    {
      "code": 41,
      "name": "Kocaeli",
      "districts": [
        {
          "name": "Başiskele"
        },
        {
          "name": "Çayırova"
        },
        {
          "name": "Darıca"
        },
        {
          "name": "Derince"
        },
        {
          "name": "Dilovası"
        },
        {
          "name": "Gebze"
        },
        {
          "name": "Gölcük"
        },
        {
          "name": "İzmit"
        },
        {
          "name": "Kandıra"
        },
        {
          "name": "Karamürsel"
        },
        {
          "name": "Kartepe"
        },
        {
          "name": "Körfez"
        }
      ]
    },
    {
      "code": 42,
      "name": "Konya",
      "districts": [
        {
          "name": "Ahırlı"
        },
        {
          "name": "Akören"
        },
        {
          "name": "Akşehir"
        },
        {
          "name": "Altınekin"
        },
        {
          "name": "Beyşehir"
        },
        {
          "name": "Bozkır"
        },
        {
          "name": "Cihanbeyli"
        },
        {
          "name": "Çeltik"
        },
        {
          "name": "Çumra"
        },
        {
          "name": "Derbent"
        },
        {
          "name": "Derebucak"
        },
        {
          "name": "Doğanhisar"
        },
        {
          "name": "Emirgazi"
        },
        {
          "name": "Ereğli"
        },
        {
          "name": "Güneysınır"
        },
        {
          "name": "Hadim"
        },
        {
          "name": "Halkapınar"
        },
        {
          "name": "Hüyük"
        },
        {
          "name": "Ilgın"
        },
        {
          "name": "Kadınhanı"
        },
        {
          "name": "Karapınar"
        },
        {
          "name": "Karatay"
        },
        {
          "name": "Kulu"
        },
        {
          "name": "Meram"
        },
        {
          "name": "Sarayönü"
        },
        {
          "name": "Selçuklu"
        },
        {
          "name": "Seydişehir"
        },
        {
          "name": "Taşkent"
        },
        {
          "name": "Tuzlukçu"
        },
        {
          "name": "Yalıhüyük"
        },
        {
          "name": "Yunak"
        }
      ]
    },
    {
      "code": 43,
      "name": "Kütahya",
      "districts": [
        {
          "name": "Altıntaş"
        },
        {
          "name": "Aslanapa"
        },
        {
          "name": "Çavdarhisar"
        },
        {
          "name": "Domaniç"
        },
        {
          "name": "Dumlupınar"
        },
        {
          "name": "Emet"
        },
        {
          "name": "Gediz"
        },
        {
          "name": "Hisarcık"
        },
        {
          "name": "Merkez"
        },
        {
          "name": "Pazarlar"
        },
        {
          "name": "Simav"
        },
        {
          "name": "Şaphane"
        },
        {
          "name": "Tavşanlı"
        }
      ]
    },
    {
      "code": 44,
      "name": "Malatya",
      "districts": [
        {
          "name": "Akçadağ"
        },
        {
          "name": "Arapgir"
        },
        {
          "name": "Arguvan"
        },
        {
          "name": "Battalgazi"
        },
        {
          "name": "Darende"
        },
        {
          "name": "Doğanşehir"
        },
        {
          "name": "Doğanyol"
        },
        {
          "name": "Hekimhan"
        },
        {
          "name": "Kale"
        },
        {
          "name": "Kuluncak"
        },
        {
          "name": "Pütürge"
        },
        {
          "name": "Yazıhan"
        },
        {
          "name": "Yeşilyurt"
        }
      ]
    },
    {
      "code": 45,
      "name": "Manisa",
      "districts": [
        {
          "name": "Ahmetli"
        },
        {
          "name": "Akhisar"
        },
        {
          "name": "Alaşehir"
        },
        {
          "name": "Demirci"
        },
        {
          "name": "Gölmarmara"
        },
        {
          "name": "Gördes"
        },
        {
          "name": "Kırkağaç"
        },
        {
          "name": "Köprübaşı"
        },
        {
          "name": "Kula"
        },
        {
          "name": "Salihli"
        },
        {
          "name": "Sarıgöl"
        },
        {
          "name": "Saruhanlı"
        },
        {
          "name": "Selendi"
        },
        {
          "name": "Soma"
        },
        {
          "name": "Şehzadeler"
        },
        {
          "name": "Turgutlu"
        },
        {
          "name": "Yunusemre"
        }
      ]
    },
    {
      "code": 46,
      "name": "Kahramanmaraş",
      "districts": [
        {
          "name": "Afşin"
        },
        {
          "name": "Andırın"
        },
        {
          "name": "Çağlayancerit"
        },
        {
          "name": "Dulkadiroğlu"
        },
        {
          "name": "Ekinözü"
        },
        {
          "name": "Elbistan"
        },
        {
          "name": "Göksun"
        },
        {
          "name": "Nurhak"
        },
        {
          "name": "Onikişubat"
        },
        {
          "name": "Pazarcık"
        },
        {
          "name": "Türkoğlu"
        }
      ]
    },
    {
      "code": 47,
      "name": "Mardin",
      "districts": [
        {
          "name": "Artuklu"
        },
        {
          "name": "Dargeçit"
        },
        {
          "name": "Derik"
        },
        {
          "name": "Kızıltepe"
        },
        {
          "name": "Mazıdağı"
        },
        {
          "name": "Midyat"
        },
        {
          "name": "Nusaybin"
        },
        {
          "name": "Ömerli"
        },
        {
          "name": "Savur"
        },
        {
          "name": "Yeşilli"
        }
      ]
    },
    {
      "code": 48,
      "name": "Muğla",
      "districts": [
        {
          "name": "Bodrum"
        },
        {
          "name": "Dalaman"
        },
        {
          "name": "Datça"
        },
        {
          "name": "Fethiye"
        },
        {
          "name": "Kavaklıdere"
        },
        {
          "name": "Köyceğiz"
        },
        {
          "name": "Marmaris"
        },
        {
          "name": "Menteşe"
        },
        {
          "name": "Milas"
        },
        {
          "name": "Ortaca"
        },
        {
          "name": "Seydikemer"
        },
        {
          "name": "Ula"
        },
        {
          "name": "Yatağan"
        }
      ]
    },
    {
      "code": 49,
      "name": "Muş",
      "districts": [
        {
          "name": "Bulanık"
        },
        {
          "name": "Hasköy"
        },
        {
          "name": "Korkut"
        },
        {
          "name": "Malazgirt"
        },
        {
          "name": "Merkez"
        },
        {
          "name": "Varto"
        }
      ]
    },
    {
      "code": 50,
      "name": "Nevşehir",
      "districts": [
        {
          "name": "Acıgöl"
        },
        {
          "name": "Avanos"
        },
        {
          "name": "Derinkuyu"
        },
        {
          "name": "Gülşehir"
        },
        {
          "name": "Hacıbektaş"
        },
        {
          "name": "Kozaklı"
        },
        {
          "name": "Merkez"
        },
        {
          "name": "Ürgüp"
        }
      ]
    },
    {
      "code": 51,
      "name": "Niğde",
      "districts": [
        {
          "name": "Altunhisar"
        },
        {
          "name": "Bor"
        },
        {
          "name": "Çamardı"
        },
        {
          "name": "Çiftlik"
        },
        {
          "name": "Merkez"
        },
        {
          "name": "Ulukışla"
        }
      ]
    },
    {
      "code": 52,
      "name": "Ordu",
      "districts": [
        {
          "name": "Akkuş"
        },
        {
          "name": "Altınordu"
        },
        {
          "name": "Aybastı"
        },
        {
          "name": "Çamaş"
        },
        {
          "name": "Çatalpınar"
        },
        {
          "name": "Çaybaşı"
        },
        {
          "name": "Fatsa"
        },
        {
          "name": "Gölköy"
        },
        {
          "name": "Gülyalı"
        },
        {
          "name": "Gürgentepe"
        },
        {
          "name": "İkizce"
        },
        {
          "name": "Kabadüz"
        },
        {
          "name": "Kabataş"
        },
        {
          "name": "Korgan"
        },
        {
          "name": "Kumru"
        },
        {
          "name": "Mesudiye"
        },
        {
          "name": "Perşembe"
        },
        {
          "name": "Ulubey"
        },
        {
          "name": "Ünye"
        }
      ]
    },
    {
      "code": 53,
      "name": "Rize",
      "districts": [
        {
          "name": "Ardeşen"
        },
        {
          "name": "Çamlıhemşin"
        },
        {
          "name": "Çayeli"
        },
        {
          "name": "Derepazarı"
        },
        {
          "name": "Fındıklı"
        },
        {
          "name": "Güneysu"
        },
        {
          "name": "Hemşin"
        },
        {
          "name": "İkizdere"
        },
        {
          "name": "İyidere"
        },
        {
          "name": "Kalkandere"
        },
        {
          "name": "Merkez"
        },
        {
          "name": "Pazar"
        }
      ]
    },
    {
      "code": 54,
      "name": "Sakarya",
      "districts": [
        {
          "name": "Adapazarı"
        },
        {
          "name": "Akyazı"
        },
        {
          "name": "Arifiye"
        },
        {
          "name": "Erenler"
        },
        {
          "name": "Ferizli"
        },
        {
          "name": "Geyve"
        },
        {
          "name": "Hendek"
        },
        {
          "name": "Karapürçek"
        },
        {
          "name": "Karasu"
        },
        {
          "name": "Kaynarca"
        },
        {
          "name": "Kocaali"
        },
        {
          "name": "Pamukova"
        },
        {
          "name": "Sapanca"
        },
        {
          "name": "Serdivan"
        },
        {
          "name": "Söğütlü"
        },
        {
          "name": "Taraklı"
        }
      ]
    },
    {
      "code": 55,
      "name": "Samsun",
      "districts": [
        {
          "name": "Alaçam"
        },
        {
          "name": "Asarcık"
        },
        {
          "name": "Atakum"
        },
        {
          "name": "Ayvacık"
        },
        {
          "name": "Bafra"
        },
        {
          "name": "Canik"
        },
        {
          "name": "Çarşamba"
        },
        {
          "name": "Havza"
        },
        {
          "name": "İlkadım"
        },
        {
          "name": "Kavak"
        },
        {
          "name": "Ladik"
        },
        {
          "name": "Salıpazarı"
        },
        {
          "name": "Tekkeköy"
        },
        {
          "name": "Terme"
        },
        {
          "name": "Vezirköprü"
        },
        {
          "name": "Yakakent"
        },
        {
          "name": "19 Mayıs"
        }
      ]
    },
    {
      "code": 56,
      "name": "Siirt",
      "districts": [
        {
          "name": "Baykan"
        },
        {
          "name": "Eruh"
        },
        {
          "name": "Kurtalan"
        },
        {
          "name": "Merkez"
        },
        {
          "name": "Pervari"
        },
        {
          "name": "Şirvan"
        },
        {
          "name": "Tillo"
        }
      ]
    },
    {
      "code": 57,
      "name": "Sinop",
      "districts": [
        {
          "name": "Ayancık"
        },
        {
          "name": "Boyabat"
        },
        {
          "name": "Dikmen"
        },
        {
          "name": "Durağan"
        },
        {
          "name": "Erfelek"
        },
        {
          "name": "Gerze"
        },
        {
          "name": "Merkez"
        },
        {
          "name": "Saraydüzü"
        },
        {
          "name": "Türkeli"
        }
      ]
    },
    {
      "code": 58,
      "name": "Sivas",
      "districts": [
        {
          "name": "Akıncılar"
        },
        {
          "name": "Altınyayla"
        },
        {
          "name": "Divriği"
        },
        {
          "name": "Doğanşar"
        },
        {
          "name": "Gemerek"
        },
        {
          "name": "Gölova"
        },
        {
          "name": "Gürün"
        },
        {
          "name": "Hafik"
        },
        {
          "name": "İmranlı"
        },
        {
          "name": "Kangal"
        },
        {
          "name": "Koyulhisar"
        },
        {
          "name": "Merkez"
        },
        {
          "name": "Suşehri"
        },
        {
          "name": "Şarkışla"
        },
        {
          "name": "Ulaş"
        },
        {
          "name": "Yıldızeli"
        },
        {
          "name": "Zara"
        }
      ]
    },
    {
      "code": 59,
      "name": "Tekirdağ",
      "districts": [
        {
          "name": "Çerkezköy"
        },
        {
          "name": "Çorlu"
        },
        {
          "name": "Ergene"
        },
        {
          "name": "Hayrabolu"
        },
        {
          "name": "Kapaklı"
        },
        {
          "name": "Malkara"
        },
        {
          "name": "Marmaraereğlisi"
        },
        {
          "name": "Muratlı"
        },
        {
          "name": "Saray"
        },
        {
          "name": "Süleymanpaşa"
        },
        {
          "name": "Şarköy"
        }
      ]
    },
    {
      "code": 60,
      "name": "Tokat",
      "districts": [
        {
          "name": "Almus"
        },
        {
          "name": "Artova"
        },
        {
          "name": "Başçiftlik"
        },
        {
          "name": "Erbaa"
        },
        {
          "name": "Merkez"
        },
        {
          "name": "Niksar"
        },
        {
          "name": "Pazar"
        },
        {
          "name": "Reşadiye"
        },
        {
          "name": "Sulusaray"
        },
        {
          "name": "Turhal"
        },
        {
          "name": "Yeşilyurt"
        },
        {
          "name": "Zile"
        }
      ]
    },
    {
      "code": 61,
      "name": "Trabzon",
      "districts": [
        {
          "name": "Akçaabat"
        },
        {
          "name": "Araklı"
        },
        {
          "name": "Arsin"
        },
        {
          "name": "Beşikdüzü"
        },
        {
          "name": "Çarşıbaşı"
        },
        {
          "name": "Çaykara"
        },
        {
          "name": "Dernekpazarı"
        },
        {
          "name": "Düzköy"
        },
        {
          "name": "Hayrat"
        },
        {
          "name": "Köprübaşı"
        },
        {
          "name": "Maçka"
        },
        {
          "name": "Of"
        },
        {
          "name": "Ortahisar"
        },
        {
          "name": "Sürmene"
        },
        {
          "name": "Şalpazarı"
        },
        {
          "name": "Tonya"
        },
        {
          "name": "Vakfıkebir"
        },
        {
          "name": "Yomra"
        }
      ]
    },
    {
      "code": 62,
      "name": "Tunceli",
      "districts": [
        {
          "name": "Çemişgezek"
        },
        {
          "name": "Hozat"
        },
        {
          "name": "Mazgirt"
        },
        {
          "name": "Merkez"
        },
        {
          "name": "Nazımiye"
        },
        {
          "name": "Ovacık"
        },
        {
          "name": "Pertek"
        },
        {
          "name": "Pülümür"
        }
      ]
    },
    {
      "code": 63,
      "name": "Şanlıurfa",
      "districts": [
        {
          "name": "Akçakale"
        },
        {
          "name": "Birecik"
        },
        {
          "name": "Bozova"
        },
        {
          "name": "Ceylanpınar"
        },
        {
          "name": "Eyyübiye"
        },
        {
          "name": "Halfeti"
        },
        {
          "name": "Haliliye"
        },
        {
          "name": "Harran"
        },
        {
          "name": "Hilvan"
        },
        {
          "name": "Karaköprü"
        },
        {
          "name": "Siverek"
        },
        {
          "name": "Suruç"
        },
        {
          "name": "Viranşehir"
        }
      ]
    },
    {
      "code": 64,
      "name": "Uşak",
      "districts": [
        {
          "name": "Banaz"
        },
        {
          "name": "Eşme"
        },
        {
          "name": "Karahallı"
        },
        {
          "name": "Merkez"
        },
        {
          "name": "Sivaslı"
        },
        {
          "name": "Ulubey"
        }
      ]
    },
    {
      "code": 65,
      "name": "Van",
      "districts": [
        {
          "name": "Bahçesaray"
        },
        {
          "name": "Başkale"
        },
        {
          "name": "Çaldıran"
        },
        {
          "name": "Çatak"
        },
        {
          "name": "Edremit"
        },
        {
          "name": "Erciş"
        },
        {
          "name": "Gevaş"
        },
        {
          "name": "Gürpınar"
        },
        {
          "name": "İpekyolu"
        },
        {
          "name": "Muradiye"
        },
        {
          "name": "Özalp"
        },
        {
          "name": "Saray"
        },
        {
          "name": "Tuşba"
        }
      ]
    },
    {
      "code": 66,
      "name": "Yozgat",
      "districts": [
        {
          "name": "Akdağmadeni"
        },
        {
          "name": "Aydıncık"
        },
        {
          "name": "Boğazlıyan"
        },
        {
          "name": "Çandır"
        },
        {
          "name": "Çayıralan"
        },
        {
          "name": "Çekerek"
        },
        {
          "name": "Kadışehri"
        },
        {
          "name": "Merkez"
        },
        {
          "name": "Saraykent"
        },
        {
          "name": "Sarıkaya"
        },
        {
          "name": "Sorgun"
        },
        {
          "name": "Şefaatli"
        },
        {
          "name": "Yenifakılı"
        },
        {
          "name": "Yerköy"
        }
      ]
    },
    {
      "code": 67,
      "name": "Zonguldak",
      "districts": [
        {
          "name": "Alaplı"
        },
        {
          "name": "Çaycuma"
        },
        {
          "name": "Devrek"
        },
        {
          "name": "Ereğli"
        },
        {
          "name": "Gökçebey"
        },
        {
          "name": "Kilimli"
        },
        {
          "name": "Kozlu"
        },
        {
          "name": "Merkez"
        }
      ]
    },
    {
      "code": 68,
      "name": "Aksaray",
      "districts": [
        {
          "name": "Ağaçören"
        },
        {
          "name": "Eskil"
        },
        {
          "name": "Gülağaç"
        },
        {
          "name": "Güzelyurt"
        },
        {
          "name": "Merkez"
        },
        {
          "name": "Ortaköy"
        },
        {
          "name": "Sarıyahşi"
        },
        {
          "name": "Sultanhanı"
        }
      ]
    },
    {
      "code": 69,
      "name": "Bayburt",
      "districts": [
        {
          "name": "Aydıntepe"
        },
        {
          "name": "Demirözü"
        },
        {
          "name": "Merkez"
        }
      ]
    },
    {
      "code": 70,
      "name": "Karaman",
      "districts": [
        {
          "name": "Ayrancı"
        },
        {
          "name": "Başyayla"
        },
        {
          "name": "Ermenek"
        },
        {
          "name": "Kazımkarabekir"
        },
        {
          "name": "Merkez"
        },
        {
          "name": "Sarıveliler"
        }
      ]
    },
    {
      "code": 71,
      "name": "Kırıkkale",
      "districts": [
        {
          "name": "Bahşili"
        },
        {
          "name": "Balışeyh"
        },
        {
          "name": "Çelebi"
        },
        {
          "name": "Delice"
        },
        {
          "name": "Karakeçili"
        },
        {
          "name": "Keskin"
        },
        {
          "name": "Merkez"
        },
        {
          "name": "Sulakyurt"
        },
        {
          "name": "Yahşihan"
        }
      ]
    },
    {
      "code": 72,
      "name": "Batman",
      "districts": [
        {
          "name": "Beşiri"
        },
        {
          "name": "Gercüş"
        },
        {
          "name": "Hasankeyf"
        },
        {
          "name": "Kozluk"
        },
        {
          "name": "Merkez"
        },
        {
          "name": "Sason"
        }
      ]
    },
    {
      "code": 73,
      "name": "Şırnak",
      "districts": [
        {
          "name": "Beytüşşebap"
        },
        {
          "name": "Cizre"
        },
        {
          "name": "Güçlükonak"
        },
        {
          "name": "İdil"
        },
        {
          "name": "Merkez"
        },
        {
          "name": "Silopi"
        },
        {
          "name": "Uludere"
        }
      ]
    },
    {
      "code": 74,
      "name": "Bartın",
      "districts": [
        {
          "name": "Amasra"
        },
        {
          "name": "Kurucaşile"
        },
        {
          "name": "Merkez"
        },
        {
          "name": "Ulus"
        }
      ]
    },
    {
      "code": 75,
      "name": "Ardahan",
      "districts": [
        {
          "name": "Çıldır"
        },
        {
          "name": "Damal"
        },
        {
          "name": "Göle"
        },
        {
          "name": "Hanak"
        },
        {
          "name": "Merkez"
        },
        {
          "name": "Posof"
        }
      ]
    },
    {
      "code": 76,
      "name": "Iğdır",
      "districts": [
        {
          "name": "Aralık"
        },
        {
          "name": "Karakoyunlu"
        },
        {
          "name": "Merkez"
        },
        {
          "name": "Tuzluca"
        }
      ]
    },
    {
      "code": 77,
      "name": "Yalova",
      "districts": [
        {
          "name": "Altınova"
        },
        {
          "name": "Armutlu"
        },
        {
          "name": "Çınarcık"
        },
        {
          "name": "Çiftlikköy"
        },
        {
          "name": "Merkez"
        },
        {
          "name": "Termal"
        }
      ]
    },
    {
      "code": 78,
      "name": "Karabük",
      "districts": [
        {
          "name": "Eflani"
        },
        {
          "name": "Eskipazar"
        },
        {
          "name": "Merkez"
        },
        {
          "name": "Ovacık"
        },
        {
          "name": "Safranbolu"
        },
        {
          "name": "Yenice"
        }
      ]
    },
    {
      "code": 79,
      "name": "Kilis",
      "districts": [
        {
          "name": "Elbeyli"
        },
        {
          "name": "Merkez"
        },
        {
          "name": "Musabeyli"
        },
        {
          "name": "Polateli"
        }
      ]
    },
    {
      "code": 80,
      "name": "Osmaniye",
      "districts": [
        {
          "name": "Bahçe"
        },
        {
          "name": "Düziçi"
        },
        {
          "name": "Hasanbeyli"
        },
        {
          "name": "Kadirli"
        },
        {
          "name": "Merkez"
        },
        {
          "name": "Sumbas"
        },
        {
          "name": "Toprakkale"
        }
      ]
    },
    {
      "code": 81,
      "name": "Düzce",
      "districts": [
        {
          "name": "Akçakoca"
        },
        {
          "name": "Cumayeri"
        },
        {
          "name": "Çilimli"
        },
        {
          "name": "Gölyaka"
        },
        {
          "name": "Gümüşova"
        },
        {
          "name": "Kaynaşlı"
        },
        {
          "name": "Merkez"
        },
        {
          "name": "Yığılca"
        }
      ]
    }
  ]
}